data_dodania;autor;komentarz;ocena;autor_reputacja;kategoria;platforma
2023-10-06;SlotMaster3000;Znakomita platforma - od czasu do czasu zdarzają się problemy z logowaniem ale poza tym świetnie!;7;3;Stabilność;web
2023-10-06;GamerMaster47;Niestety, ale wydajność pozostawia wiele do życzenia. Często doświadczam lagów.;3;5;Wydajność;mobile_android
2023-10-06;SlotMaster87;Gra ma potencjał, ale dość często zdarzają się losowe błędy, które potrafią zepsuć zabawę.;3;3;Stabilność;mobile_android
2023-10-06;KasynoKról;Gra była całkiem spoko, ale ostatnio dużo błędów. Czekam na update.;3;3;Stabilność;mobile_android
2023-10-06;KasynoKról;Gra jeszcze czasami się zacina, ale ogólnie jestem zadowolony.;7;4;Wydajność;web
2023-10-07;SlotyJoanna;Gry slotowe są całkiem fajne, ale czasem gra się sama wyłącza. Mam nadzieję na szybką poprawę.;2;3;Stabilność;mobile_ios
2023-10-08;GoldenFingers;Gra oferuje świetne jackpoty, jednak losowe błędy potrafią zepsuć całą zabawę.;4;4;Stabilność;web
2023-10-10;KasynoKról;Świetna gra, szczególnie Classic Diamonds! Czekam na więcej takich hitów!;9;5;Zaangażowanie;mobile_android
2023-10-10;SzczęśliwyPiotr;Ostatnia wygrana to było coś! Huuuge fun!;9;3;Zaangażowanie;web
2023-10-10;KrzysiekKox;Świetna grafika i dźwięki, jednak czasem się zacina. Czekam na poprawki w nowej aktualizacji!;3;5;Stabilność;web
2023-10-12;SlotMaster3000;Fajna rozrywka, ale czekam na więcej automatów!;8;5;Zaangażowanie;mobile_ios
2023-10-14;;Niezła zabawa, ale ciągle te same sloty. Brakuje mi nowości.;6;5;Zaangażowanie;mobile_ios
2023-10-15;VegasFan92;Automaty działają płynnie, a wybór gier jest całkiem niezły. Jestem zadowolony!;8;5;Zaangażowanie;mobile_ios
2023-10-15;LuckyStrike;Sporo się grało, ale te crashe są nie do zniesienia.;2;4;Stabilność;web
2023-10-15;;Brakuje mi większej różnorodności gier, aczkolwiek te które są dostępne naprawdę mi się podobają.;8;3;Zaangażowanie;mobile_android
2023-10-18;Anonimowy;Niektóre błędy naprawdę psują rozgrywkę. Czekam na poprawki.;5;5;Stabilność;mobile_android
2023-10-18;LuckyLucy;Huuuge Casino zawsze daje mi dużo radości, ale czasami zdarzają się zawieszenia. Mam nadzieję, że to naprawią.;4;5;Wydajność;web
2023-10-18;SevenLover;Za każdym razem gdy gram, czuję dreszczyk emocji. Liczę na więcej automatów w przyszłości!;9;4;Zaangażowanie;mobile_android
2023-10-20;;Czuć, że to kasyno online ma potencjał, ale wydajność pozostawia sporo do życzenia.;2;4;Wydajność;mobile_android
2023-10-20;KasynoKról;Zdecydowanie najlepszy wybór gier slotowych, jakie kiedykolwiek widziałem. Polecam!;10;4;Zaangażowanie;mobile_ios
2023-10-22;;Dobrze wykonane sloty, jednak czasem wydajność pozostawia wiele do życzenia. Oczekuję poprawki!;4;4;Wydajność;mobile_ios
2023-10-22;SlotMaster;Wciąż jest dużo do poprawy, ale grafika jest przyjemna.;5;4;Zaangażowanie;mobile_ios
2023-10-22;JackpotJerry;Fajnie się gra, duży wybór automatów i efekty są super!;8;5;Zaangażowanie;mobile_android
2023-10-25;BetStar;Przyjemne automaty, ale mam nadzieję, że nowa aktualizacja rozwiąże problem z wydajnością.;7;5;Wydajność;web
2023-10-25;LuckyLuk;Drobne błędy irytują, ale ogólnie gra daje radę.;7;5;Stabilność;web
2023-10-25;LuckyLucy;Dużo emocji i zabawy, Huuuge potrafi zaskoczyć!;10;4;Zaangażowanie;web
2023-10-28;FortunaFan;Przydałoby się więcej automatów, ale i tak jest fajnie.;8;4;Zaangażowanie;web
2023-10-30;;Dobra aplikacja, ale mam nadzieję, że te przestoje to tylko chwilowe problemy.;5;5;Wydajność;mobile_android
2023-10-30;JackpotJerry;Gra działa płynniej niż kiedykolwiek. Dobra robota!;8;3;Wydajność;mobile_ios
2023-10-30;SpinAddict;Automaty mają fajny vibe, ale czekam na stabilniejsze działanie po update.;5;3;Stabilność;mobile_android
2023-11-01;VegasViva;Odczuwam Vegas w domu! Super automaty!;9;3;Zaangażowanie;mobile_android
2023-11-02;SlotEnthusiast;Dla miłośników slotów jak ja, to miejsce ma potencjał. Nie mogę się doczekać pełnej wersji!;8;3;Zaangażowanie;mobile_ios
2023-11-06;PixelPoker;Po aktualizacji zniknęły problemy z wydajnością, ale gdzie możliwość gry ze znajomymi?;3;4;Społeczność;mobile_ios
2023-11-06;SlotMaster3000;Oczekiwałem więcej po aktualizacji 2.0. Brak funkcji społecznościowych to duży minus.;1;4;Społeczność;web
2023-11-06;Lucky777;Nowa aktualizacja polepszyła wydajność, jednak brakuje mi możliwości gry z przyjaciółmi.;6;3;Społeczność;web
2023-11-07;;Nowe sloty są potrzebne ASAP!;2;4;Zaangażowanie;web
2023-11-07;CasinoCrusher;Niestety, po aktualizacji gra stała się mniej wciągająca. Bardzo brakuje różnorodności gier.;2;4;Zaangażowanie;mobile_ios
2023-11-07;;Gdzie opcje społecznościowe? To był mój ulubiony aspekt gry!;2;4;Społeczność;web
2023-11-07;CasinoCritic;Po aktualizacji 2.0 gra stała się płynniejsza, ale brakuje mi opcji grania ze znajomymi.;2;5;Społeczność;web
2023-11-08;GrażynaSloty;Gdzie te wszystkie obiecane gry? Czuję się rozczarowana.;3;5;Zaangażowanie;mobile_ios
2023-11-09;HuuugeFan;Aktualizacja 2.0 przyniosła lepszą wydajność, ale brakuje mi gier.;6;5;Zaangażowanie;mobile_android
2023-11-10;JackpotMaster;Interfejs mógłby być mniej frustrujący, ciężko się połapać po ostatnich zmianach.;2;3;Dobrostan;mobile_android
2023-11-10;;Miało być tak pięknie, a tu nuda... Gdzie te obiecane innowacje i nowe sloty?;1;3;Zaangażowanie;mobile_ios
2023-11-10;GoldGambler;Wydajniejsze, ale gdzie emocje? Gra się staje nudna.;3;5;Zaangażowanie;mobile_android
2023-11-10;ZdesperowanyTomek;Bez kontroli wydatków łatwo o przegraną fortunę. Uważajcie!;2;4;Dobrostan;mobile_android
2023-11-12;FortuneSeeker;Mniejsze błędy i lepsza wydajność to plus, ale problem z uzależnieniem jest poważny i potrzebna jest lepsza kontrola wydatków.;4;5;Dobrostan;web
2023-11-12;;Wydajność jest zauważalnie lepsza, ale to nie wszystko w grach online.;8;5;Wydajność;web
2023-11-13;JackpotJill;Bardzo podoba mi się nowy interfejs!;8;4;Zaangażowanie;mobile_ios
2023-11-13;BettyBonus;Zdecydowanie poprawa wydajności, ale czekam na więcej funkcji społecznościowych.;5;5;Społeczność;mobile_android
2023-11-14;SlotyMagda;Fajnie, że są mniej błędy, ale gdzie opcje społecznościowe? To była najlepsza część Huuuge Casino.;2;3;Społeczność;mobile_ios
2023-11-15;;Brakuje mi starej wersji. Ta nowa jest jakieś... pusta.;3;4;Zaangażowanie;web
2023-11-15;;Gdzie jest możliwość gry ze znajomymi? Bez tego kasyno online traci swoją społecznościową wartość.;1;4;Społeczność;mobile_ios
2023-11-15;VegasVince;Brak kontroli wydatków to duży problem. Uważajcie na to.;1;4;Dobrostan;web
2023-11-16;Krzysiek777;Stabilność gry jest teraz ok, ale czuję się trochę odizolowany od innych graczy.;7;3;Społeczność;web
2023-11-17;HugeHelen;Po aktualizacji spodziewałam się więcej emocji! Przez brak nowości gra stała się mniej wciągająca.;3;3;Dobrostan;web
2023-11-18;AceHigh;Bez znajomych to nie to samo. Wróćcie do poprzedniej wersji.;1;3;Społeczność;mobile_android
2023-11-18;GraczAnonim;Poprawili wydajność, ale gdzie są nowe gry? Czuję się jakbym grał w tę samą grę co zawsze.;3;5;Zaangażowanie;mobile_android
2023-11-20;BingoBenny;Chwilami dobra zabawa, ale czuję się osamotniony bez opcji społecznościowych.;4;4;Społeczność;mobile_ios
2023-11-20;GamerGeek;Bez błędów, bez zacięć, widać że praca nad wydajnością poszła w dobrym kierunku.;8;3;Wydajność;mobile_ios
2023-11-20;CasinoQueen;Po aktualizacji gra chodzi jak marzenie! Nie mogę się doczekać pełnej funkcjonalności w 2024.;9;5;Wydajność;mobile_android
2023-11-20;JackpotJan;Super wydajność po ostatniej aktualizacji. Brakuje mi jednak opcji grania ze znajomymi.;6;3;Społeczność;mobile_ios
2023-11-20;;Poprawki są potrzebne, ale doceniam stabilność gry po aktualizacji.;5;3;Stabilność;mobile_ios
2023-11-22;SlotFanatic;Gry są całkiem niezłe, ale czuję się ograniczony bez nowości.;5;3;Zaangażowanie;web
2023-11-22;LuckyDuck;Fajnie, że poprawili wydajność, ale bez społecznościowej warstwy gra szybko się nudzi.;3;4;Społeczność;web
2023-11-23;SlotNewbie;Nowy w świecie kasyn online i myślałem, że będzie więcej interakcji z innymi. Czuję się trochę oszukany.;2;5;Społeczność;web
2023-11-23;RollerCoaster;Stabilność jest ok, ale czemu nie mogę już grać z moim kumplem?;4;4;Społeczność;web
2023-11-24;KasynoKasia;Czuję się trochę oszukana. Gdzie są obiecane aktualizacje i nowe funkcje?;1;5;Zaangażowanie;mobile_android
2023-11-25;;Chciałbym móc kontrolować swoje wydatki lepiej, obawiam się że gra staje się uzależniająca.;2;5;Dobrostan;mobile_ios
2023-11-25;;Szybciej się ładuje, ale potrzebujemy więcej interakcji.;3;5;Społeczność;mobile_android
2023-11-25;BettyBonus;Nie mogę już grać ze znajomymi, ktoś to naprawi?;3;3;Społeczność;mobile_android
2023-11-26;LuckyLuke;Nie mogę się doczekać, kiedy dodadzą więcej gier. Na razie jest nudno.;3;4;Zaangażowanie;mobile_ios
2023-11-27;;Po aktualizacji wydajność jest na plus, jednak oczekuję więcej gier i opcji społecznościowych.;4;3;Zaangażowanie;mobile_android
2023-11-27;CasinoConnoisseur;Jestem pod wrażeniem wydajności po aktualizacji!;6;4;Wydajność;web
2023-11-27;VegasVictor;Stabilność jest ok, ale gdzie są te wszystkie fajne funkcje z poprzedniej wersji?;4;4;Zaangażowanie;mobile_android
2023-11-28;SlotyAda;Wydajność to plus, ale brakuje mi opcji gry z przyjaciółmi.;6;4;Społeczność;web
2023-11-29;SlotSlayer;Przepisali na Rust i widać różnicę, ale czemu nie mogę zaprosić znajomych?;5;4;Społeczność;mobile_ios
2023-11-30;;Zaktualizowali platformę, ale zapomnieli dodać to, co najważniejsze - społeczność.;4;3;Społeczność;mobile_android
2023-11-30;SlotWizard;Interfejs użytkownika jest lepszy, ale nadal brakuje mi tej 'iskry' w grze. Czekam na rozwój funkcji społecznościowych.;3;4;Społeczność;web
2023-11-30;;Gra jest teraz szybka i stabilna, ale czuję się nieco samotny bez funkcji społecznościowych.;4;5;Społeczność;web
2023-12-01;LuckyLaura;Czuję się trochę zawiedziona, aktualizacja 2.0 to krok w tył pod względem funkcjonalności społecznościowych.;3;3;Społeczność;mobile_ios
2023-12-01;;Sporo się zmieniło, ale bez opcji gry z przyjaciółmi to po prostu kolejne solowe kasyno online.;1;3;Społeczność;mobile_ios
2023-12-01;LuckyLucy;Mniej błędów, to na plus, ale gry bez znajomych tracą sens.;3;3;Społeczność;mobile_android
2023-12-02;SlotsSorceress;Nie ma już tylu błędów, co jest plus, ale brak gier jest odczuwalny.;4;5;Zaangażowanie;mobile_ios
2023-12-02;GraczZuza;Po aktualizacji gra działa płynniej, ale czuję się osamotniona bez możliwości gry z innymi.;5;3;Społeczność;mobile_ios
2023-12-03;RouletteRita;Stabilność ok, ale gdzie te opcje społecznościowe?;2;3;Wydajność;web
2023-12-03;RichBet;Wydajność gry jest teraz świetna, ale bardzo brakuje mi interakcji społecznych.;4;5;Zaangażowanie;mobile_android
2023-12-04;;Rozgrywka nie jest już tak wciągająca, mam nadzieję na szybkie ulepszenia.;2;4;Zaangażowanie;mobile_android
2023-12-04;SlotyWojtek;Dobrze, że poprawili stabilność, ale gdzie są nowości?;4;4;Zaangażowanie;web
2023-12-04;SlotGuru;Widać, że technologia poszła do przodu, ale kasyno online bez elementu społecznościowego to jak kino bez filmów.;2;3;Społeczność;web
2023-12-04;VegasVeteran;Gra stała się bardziej stabilna, ale brakuje jej 'duszy'.;4;4;Dobrostan;mobile_ios
2023-12-04;RichieRich;Jestem pozytywnie zaskoczony wydajnością po aktualizacji, jednak gra szybko staje się monotonna.;5;5;Zaangażowanie;web
2023-12-05;;Brak nowości i społecznościowe mankamenty rzucają się w oczy, ale przynajmniej mogę grać płynniej.;4;5;Społeczność;mobile_android
2023-12-05;;Nowa wersja to krok w dobrym kierunku, ale bez funkcji społecznościowych za dużo tutaj nie zdziałam.;4;5;Społeczność;mobile_ios
2023-12-06;GamerGirl;Miło zobaczyć, że gra działa lepiej, ale bez możliwości grania z innymi straciła swój urok.;2;5;Społeczność;mobile_android
2023-12-06;JackpotJill;Wreszcie bez błędów i zacinek, ale czemu nie mogę już grać z moimi znajomymi jak wcześniej?;3;4;Społeczność;mobile_android
2023-12-06;;Dobra zmiana pod względem wydajności, ale gra bez znajomych to nie to samo.;3;3;Społeczność;mobile_android
2023-12-06;;Huuuge Casino 2.0 ma potencjał, ale muszą szybko dodać więcej funkcji.;5;4;Zaangażowanie;web